party,mean_std,sd_std,mean_int,sd_int
-1,-0.11944444444444445,0.44436430901491825,0.3736111111111111,0.33451535438181157
1,0.26643990929705214,0.39730955913679333,0.18310657596371882,0.296147153979706
